{
  "assetsByChunkName": {
    "vendors~app-account~app-checkout~app-confirmation~app-order": "chunk.7f2304b908a412928384.js",
    "vendors~app-account~app-confirmation~app-order": "chunk.46389a7351c0000314b9.js",
    "vendors~app-account~app-checkout": "chunk.e248c633c3f109e85b3e.js",
    "admin": [
      "admin.c1f7d79e4ee776f6b956.js",
      "admin.c1f7d79e4ee776f6b956.js.map"
    ],
    "app-account": "chunk.1c3a0619f9bf7168e3ce.js",
    "app-confirmation": "chunk.21e5c5dad06a3ecfa232.js",
    "app-order": "chunk.a14c2eb38047d57224a0.js",
    "checkout": [
      "checkout.08b6b0c52014f5f67509.js",
      "checkout.08b6b0c52014f5f67509.js.map"
    ],
    "storefront": [
      "storefront.9fa7a439ca070b3923d5.css",
      "storefront.0d3662963e71315d7a62.js",
      "storefront.9fa7a439ca070b3923d5.css.map",
      "storefront.0d3662963e71315d7a62.js.map"
    ],
    "vendors~app-cart": "chunk.6bf819ff8c96947dcd0e.js",
    "vendors~app-checkout": "chunk.33efb47ffcc49a546e76.js"
  }
}